{
    "K1": [
        [
            2692.6663687003197,
            0.0,
            790.9727829902589
        ],
        [
            0.0,
            2693.959688706409,
            594.7569621842571
        ],
        [
            0.0,
            0.0,
            1.0
        ]
    ],
    "D1": [
        [
            -0.1125880714560165,
            0.14054470266244198,
            -0.0007666138386298715,
            0.00018793087314835635,
            3.520910747662928
        ]
    ],
    "K2": [
        [
            2694.7525083767346,
            0.0,
            743.0237525596417
        ],
        [
            0.0,
            2695.32922025752,
            546.199809693044
        ],
        [
            0.0,
            0.0,
            1.0
        ]
    ],
    "D2": [
        [
            -0.1159208423401679,
            0.4720860173257809,
            -0.0004302760394080097,
            0.0010847632316593778,
            -0.8881000646337855
        ]
    ],
    "R": [
        [
            0.9999785553183208,
            3.8562303697913586e-05,
            -0.006548848481446735
        ],
        [
            -4.980001855799643e-05,
            0.9999985267244236,
            -0.0017158289368425883
        ],
        [
            0.006548772666871657,
            0.0017161182742131305,
            0.9999770839947417
        ]
    ],
    "T": [
        -42.111813075484385,
        -0.19325117039695378,
        -0.16254951275305604
    ],
    "image_size": [
        1600,
        1200
    ],
    "baseline_mm": 42.112570200161066,
    "reprojection_error": {
        "left": 0.4697824268220475,
        "right": 0.3008941199693925,
        "stereo": 0.39863295136707
    },
    "calibration_date": "2025-12-23 15:49:57",
    "num_images": 40,
    "board_size": [
        11,
        8
    ],
    "square_size_mm": 10.0
}